kind,url,status_or_bytes,error_or_mime,when
page,https://stabatmater.info/forum/ultimate-stabat-mater-website-forum,404,HTTP 404,2025-08-16T00:18:24.314357Z
page,https://stabatmater.info/topic/welcome-to-the-ultimate-stabat-mater-website-forum,404,HTTP 404,2025-08-16T00:18:16.395685Z
asset,https://stabatmater.info/wp-content/uploads/2024/03/bookcover-front-1-715x1024.jpg,404,HTTP 404,2025-08-16T01:05:53.325325Z
asset,https://stabatmater.info/wp-content/uploads/2024/10/08-Virgo-virginum-b-714x1024.jpg,404,HTTP 404,2025-08-16T01:05:03.845206Z
asset,https://stabatmater.info/wp-content/uploads/2024/10/08-Virgo-virginum-a-683x1024.jpg,404,HTTP 404,2025-08-16T01:04:59.368791Z
asset,https://stabatmater.info/wp-content/uploads/2024/10/11-Fac-ut-portemChristi-mortem-768x1024.jpg,404,HTTP 404,2025-08-16T01:04:58.960839Z
asset,https://stabatmater.info/wp-content/uploads/2024/10/10-Ave-verum-1024x655.jpg,404,HTTP 404,2025-08-16T01:04:58.154227Z
asset,https://stabatmater.info/wp-content/uploads/2024/10/Image1-1024x1024.jpg,404,HTTP 404,2025-08-16T01:04:57.800497Z
asset,https://stabatmater.info/wp-content/uploads/2024/10/09-Are-you-lost-out-in-darkness-1024x683.jpg,404,HTTP 404,2025-08-16T01:04:57.088243Z
asset,https://stabatmater.info/wp-content/uploads/2024/10/05-Sancta-Mater-1024x798.jpg,404,HTTP 404,2025-08-16T01:04:56.196705Z
asset,https://stabatmater.info/wp-content/uploads/2024/10/06-Now-my-life-is-only-weeping-RED-SMOKE-683x1024.jpg,404,HTTP 404,2025-08-16T01:04:54.828648Z
asset,https://stabatmater.info/wp-content/uploads/2024/10/06-Now-my-life-is-only-weeping-683x1024.jpg,404,HTTP 404,2025-08-16T01:04:54.471526Z
asset,https://stabatmater.info/wp-content/uploads/2024/10/04-Lament-b-869x1024.jpg,404,HTTP 404,2025-08-16T01:04:53.582752Z
asset,https://stabatmater.info/wp-content/uploads/2024/10/04-Lament-a-683x1024.jpg,404,HTTP 404,2025-08-16T01:04:52.105530Z
asset,https://stabatmater.info/wp-content/uploads/2024/10/02-Incantation-684x1024.jpg,404,HTTP 404,2025-08-16T01:04:51.667651Z
asset,https://stabatmater.info/wp-content/uploads/2024/10/03-Vidit-Jesum-in-Tormentis-a-1024x1024.jpg,404,HTTP 404,2025-08-16T01:04:50.399874Z
asset,https://stabatmater.info/wp-content/uploads/2024/10/03-Vidit-Jesum-in-Tormentis-b-1024x1024.jpg,404,HTTP 404,2025-08-16T01:04:49.804172Z
asset,https://stabatmater.info/wp-content/uploads/2024/10/01-Cantus-lacrimosus-1A-1024x683.jpg,404,HTTP 404,2025-08-16T01:04:48.200105Z
asset,https://stabatmater.info/wp-content/uploads/2021/01/ANBI-status-Ultimate-Stabat-Mater-Website.png,404,HTTP 404,2025-08-16T01:04:26.153102Z
asset,https://stabatmater.info/wp-content/uploads/2015/10/thommessen-1024x166.gif,404,HTTP 404,2025-08-16T01:03:32.095009Z
asset,https://stabatmater.info/wp-content/uploads/2024/10/bearer.gif,404,HTTP 404,2025-08-16T00:59:11.563603Z
asset,https://stabatmater.info/wp-content/uploads/2023/12/benedictus-1024x161.gif,404,HTTP 404,2025-08-16T00:59:03.917860Z
asset,https://stabatmater.info/wp-content/uploads/2024/03/bookcover-front-2-715x1024.jpg,404,HTTP 404,2025-08-16T00:58:30.275547Z
asset,https://stabatmater.info/wp-content/plugins/instagram-feed-pro/css/owl.video.play.png,404,HTTP 404,2025-08-16T00:56:47.420170Z
asset,https://stabatmater.info/wp-includes/fonts/dashicons.eot?99ac726223c749443b642ce33df8b800,200,skip mime application/vnd.ms-fontobject,2025-08-16T00:56:44.257221Z